Chart_1,AbstractCategoryItemRenderer,AbstractCategoryItemRendererTests
Chart_2,DatasetUtilities,DatasetUtilitiesTests
Chart_3,TimeSeries,TimeSeriesTests
Chart_4,XYPlot,JFreeChartTests|XYStepChartTests|LogAxisTests|NumberAxisTests|TimeSeriesChartTests|XYStepAreaChartTests|XYPlotTests|XYAreaChartTests|ScatterPlotTests|ValueAxisTests
Chart_5,XYSeries,XYSeriesTests
Chart_6,ShapeList,ShapeListTests
Chart_7,TimePeriodValues,TimePeriodValuesTests
Chart_8,Week,WeekTests
Chart_9,TimeSeries,TimeSeriesTests
Chart_10,StandardToolTipTagFragmentGenerator,StandardToolTipTagFragmentGeneratorTests
Chart_11,ShapeUtilities,ShapeUtilitiesTests
Chart_12,MultiplePiePlot,MultiplePiePlotTests
Chart_13,BorderArrangement,BorderArrangementTests
Chart_14,CategoryPlot|XYPlot,CategoryPlotTests|XYPlotTests
Chart_15,PiePlot,PiePlot3DTests
Chart_16,DefaultIntervalCategoryDataset,DefaultIntervalCategoryDatasetTests
Chart_17,TimeSeries,TimeSeriesTests
Chart_18,DefaultKeyedValues|DefaultKeyedValues2D,DefaultCategoryDatasetTests|DefaultKeyedValuesTests|DefaultKeyedValues2DTests
Chart_19,CategoryPlot,CategoryPlotTests
Chart_20,ValueMarker,ValueMarkerTests
Chart_21,DefaultBoxAndWhiskerCategoryDataset,DefaultBoxAndWhiskerCategoryDatasetTests
Chart_22,KeyedObjects2D,KeyedObjects2DTests
Chart_24,GrayPaintScale,GrayPaintScaleTests
Chart_25,StatisticalBarRenderer,StatisticalBarRendererTests
Chart_26,Axis,CategoryPlotTests|LineChartTests|StatisticalBarRendererTests|BoxAndWhiskerRendererTests|AreaChartTests|BarChartTests|StatisticalLineAndShapeRendererTests|LayeredBarRendererTests|GroupedStackedBarRendererTests|BarChart3DTests|LineChart3DTests|GanttChartTests|IntervalBarRendererTests|StackedBarChartTests|MinMaxCategoryRendererTests|WaterfallChartTests|LevelRendererTests|StackedAreaChartTests|StackedBarChart3DTests
Closure_1,RemoveUnusedVars,RemoveUnusedVarsTest|IntegrationTest|CommandLineRunnerTest
Closure_2,TypeCheck,TypeCheckTest
Closure_3,FlowSensitiveInlineVariables,FlowSensitiveInlineVariablesTest
Closure_4,NamedType,TypeCheckTest
Closure_5,InlineObjectLiterals,InlineObjectLiteralsTest
Closure_6,TypeValidator,LooseTypeCheckTest|TypeCheckTest
Closure_7,ChainableReverseAbstractInterpreter,ClosureReverseAbstractInterpreterTest|SemanticReverseAbstractInterpreterTest
Closure_8,CollapseVariableDeclarations,CollapseVariableDeclarationsTest
Closure_9,ProcessCommonJSModules,ProcessCommonJSModulesTest
Closure_10,NodeUtil,PeepholeFoldConstantsTest
Closure_11,TypeCheck,TypeCheckTest
Closure_12,MaybeReachingVariableUse,FlowSensitiveInlineVariablesTest
Closure_13,PeepholeOptimizationsPass,IntegrationTest
Closure_14,ControlFlowAnalysis,ControlFlowAnalysisTest|CheckMissingReturnTest
Closure_15,FlowSensitiveInlineVariables,FlowSensitiveInlineVariablesTest
Closure_16,ScopedAliases,ScopedAliasesTest|IntegrationTest
Closure_17,TypedScopeCreator,TypeCheckTest
Closure_18,Compiler,IntegrationTest
Closure_19,ChainableReverseAbstractInterpreter,TypeInferenceTest
Closure_20,PeepholeSubstituteAlternateSyntax,PeepholeSubstituteAlternateSyntaxTest
Closure_21,CheckSideEffects,CheckSideEffectsTest
Closure_22,CheckSideEffects,CheckSideEffectsTest
Closure_23,PeepholeFoldConstants,PeepholeFoldConstantsTest
Closure_24,ScopedAliases,ScopedAliasesTest
Closure_25,TypeInference,TypeInferenceTest
Closure_26,ProcessCommonJSModules,ProcessCommonJSModulesTest|CommandLineRunnerTest
Closure_27,IR,IRTest
Closure_29,InlineObjectLiterals,IntegrationTest|InlineObjectLiteralsTest
Closure_30,MustBeReachingVariableDef|FlowSensitiveInlineVariables,FlowSensitiveInlineVariablesTest
Closure_31,Compiler,CommandLineRunnerTest
Closure_32,JsDocInfoParser,IntegrationTest|JsDocInfoParserTest
Closure_33,PrototypeObjectType,TypeCheckTest
Closure_34,CodeGenerator|CodePrinter,CodePrinterTest
Closure_35,TypeInference,TypeCheckTest
Closure_36,InlineVariables,IntegrationTest
Closure_37,IRFactory|NodeTraversal,IntegrationTest
Closure_38,CodeConsumer,CodePrinterTest
Closure_39,PrototypeObjectType,RecordTypeTest
Closure_40,NameAnalyzer,IntegrationTest|NameAnalyzerTest
Closure_41,FunctionTypeBuilder,LooseTypeCheckTest|TypeCheckTest
Closure_42,IRFactory,ParserTest
Closure_43,TypedScopeCreator,TypeCheckTest
Closure_44,CodeConsumer,CodePrinterTest
Closure_45,RemoveUnusedVars,RemoveUnusedVarsTest
Closure_46,RecordType,JSTypeTest|RecordTypeTest
Closure_47,SourceMap|SourceMapConsumerV3,SourceMapGeneratorV3Test
Closure_48,TypedScopeCreator,TypeCheckTest
Closure_49,MakeDeclaredNamesUnique,FunctionInjectorTest|MakeDeclaredNamesUniqueTest|FunctionToBlockMutatorTest|InlineFunctionsTest
Closure_50,PeepholeReplaceKnownMethods,PeepholeReplaceKnownMethodsTest
Closure_51,CodeConsumer,CodePrinterTest
Closure_52,CodeGenerator,CodePrinterTest
Closure_53,InlineObjectLiterals,InlineObjectLiteralsTest
Closure_54,TypedScopeCreator|FunctionType,TypedScopeCreatorTest|TypeCheckTest
Closure_55,FunctionRewriter,FunctionRewriterTest
Closure_56,SourceFile,JsMessageExtractorTest|JSCompilerSourceExcerptProviderTest
Closure_57,ClosureCodingConvention,ClosureCodingConventionTest
Closure_58,LiveVariablesAnalysis,LiveVariableAnalysisTest
Closure_59,Compiler,CommandLineRunnerTest
Closure_60,NodeUtil,NodeUtilTest|CommandLineRunnerTest
Closure_61,NodeUtil,PeepholeRemoveDeadCodeTest
Closure_62,LightweightMessageFormatter,LightweightMessageFormatterTest
Closure_64,Compiler,CommandLineRunnerTest
Closure_65,CodeGenerator,CodePrinterTest
Closure_66,TypeCheck,TypeCheckTest
Closure_67,AnalyzePrototypeProperties,RemoveUnusedPrototypePropertiesTest
Closure_68,JsDocInfoParser,JsDocInfoParserTest
Closure_69,TypeCheck,TypeCheckTest
Closure_70,TypedScopeCreator,LooseTypeCheckTest|TypeCheckTest
Closure_71,CheckAccessControls,CheckAccessControlsTest
Closure_72,FunctionToBlockMutator|RenameLabels,InlineFunctionsTest
Closure_73,CodeGenerator,CodePrinterTest
Closure_74,PeepholeFoldConstants,PeepholeFoldConstantsTest
Closure_75,NodeUtil,PeepholeFoldConstantsTest
Closure_76,DeadAssignmentsElimination,DeadAssignmentsEliminationTest
Closure_77,CodeGenerator,CodePrinterTest
Closure_78,PeepholeFoldConstants,PeepholeFoldConstantsTest
Closure_79,VarCheck|Normalize,NormalizeTest|VarCheckTest
Closure_80,NodeUtil,NodeUtilTest
Closure_81,IRFactory,ParserTest
Closure_82,JSType,FunctionTypeTest|TypeCheckTest
Closure_83,CommandLineRunner,CommandLineRunnerTest
Closure_84,IRFactory,ParserTest
Closure_85,UnreachableCodeElimination,UnreachableCodeEliminationTest
Closure_86,NodeUtil,NodeUtilTest|PureFunctionIdentifierTest
Closure_87,PeepholeSubstituteAlternateSyntax,PeepholeSubstituteAlternateSyntaxTest
Closure_88,DeadAssignmentsElimination,DeadAssignmentsEliminationTest|CommandLineRunnerTest
Closure_89,CollapseProperties|GlobalNamespace,CollapsePropertiesTest
Closure_90,FunctionTypeBuilder|FunctionType,TypeCheckTest
Closure_91,CheckGlobalThis,CheckGlobalThisTest
Closure_92,ProcessClosurePrimitives,ProcessClosurePrimitivesTest
Closure_94,NodeUtil,NodeUtilTest|ProcessDefinesTest
Closure_95,TypedScopeCreator,TypedScopeCreatorTest|TypeCheckTest
Closure_96,TypeCheck,TypeCheckTest
Closure_97,PeepholeFoldConstants,PeepholeFoldConstantsTest
Closure_98,ReferenceCollectingCallback,InlineVariablesTest
Closure_99,CheckGlobalThis,CheckGlobalThisTest
Closure_100,CheckGlobalThis,CheckGlobalThisTest
Closure_101,CommandLineRunner,CommandLineRunnerTest
Closure_102,Normalize,CompilerRunnerTest
Closure_103,ControlFlowAnalysis|DisambiguateProperties,DisambiguatePropertiesTest|ControlFlowAnalysisTest|CheckUnreachableCodeTest
Closure_104,UnionType,UnionTypeTest
Closure_105,FoldConstants,FoldConstantsTest
Closure_106,JSDocInfoBuilder|GlobalNamespace,CollapsePropertiesTest|CheckSideEffectsTest
Closure_107,CommandLineRunner,CommandLineRunnerTest
Closure_108,ScopedAliases,ScopedAliasesTest
Closure_109,JsDocInfoParser,JsDocInfoParserTest
Closure_110,ScopedAliases|Node,ScopedAliasesTest
Closure_111,ClosureReverseAbstractInterpreter,ClosureReverseAbstractInterpreterTest
Closure_112,TypeInference,TypeCheckTest
Closure_113,ProcessClosurePrimitives,VarCheckTest
Closure_114,NameAnalyzer,NameAnalyzerTest
Closure_115,FunctionInjector,InlineFunctionsTest
Closure_116,FunctionInjector,FunctionInjectorTest|InlineFunctionsTest
Closure_117,TypeValidator,TypeCheckTest
Closure_118,DisambiguateProperties,DisambiguatePropertiesTest
Closure_119,GlobalNamespace,CheckGlobalNamesTest
Closure_120,ReferenceCollectingCallback,InlineVariablesTest
Closure_121,InlineVariables,InlineVariablesTest
Closure_122,IRFactory,ParserTest
Closure_123,CodeGenerator,CodePrinterTest
Closure_124,ExploitAssigns,ExploitAssignsTest
Closure_125,TypeCheck,TypeCheckTest
Closure_126,MinimizeExitPoints,MinimizeExitPointsTest
Closure_127,UnreachableCodeElimination,UnreachableCodeEliminationTest
Closure_128,CodeGenerator,CodePrinterTest
Closure_129,PrepareAst,IntegrationTest
Closure_130,CollapseProperties,CollapsePropertiesTest
Closure_131,TokenStream,ConvertToDottedPropertiesTest
Closure_132,PeepholeSubstituteAlternateSyntax,PeepholeSubstituteAlternateSyntaxTest
Closure_133,JsDocInfoParser,JsDocInfoParserTest
Closure_134,TypedScopeCreator|AmbiguateProperties,AmbiguatePropertiesTest|TypeCheckTest
Closure_135,DevirtualizePrototypeMethods|FunctionType,DevirtualizePrototypeMethodsTest|TypeCheckTest
Closure_136,MethodCompilerPass|RenameVars,InlineGettersTest|MethodCheckTest|RenameVarsTest
Closure_138,ClosureReverseAbstractInterpreter|TypeInference,ClosureReverseAbstractInterpreterTest|TypeCheckTest
Closure_139,Normalize,NormalizeTest
Closure_140,Compiler,CrossModuleCodeMotionTest
Closure_141,PureFunctionIdentifier|NodeUtil,PureFunctionIdentifierTest|ExpresssionDecomposerTest|InlineFunctionsTest
Closure_142,JsDocInfoParser|CoalesceVariableNames,CoalesceVariableNamesTest|JsDocInfoParserTest
Closure_143,RemoveConstantExpressions|AbstractCommandLineRunner,CommandLineRunnerTest|RemoveConstantExpressionsTest
Closure_145,CodeGenerator,CodePrinterTest
Closure_146,JSType,SemanticReverseAbstractInterpreterTest
Closure_147,CheckGlobalThis|RuntimeTypeCheck,CheckGlobalThisTest|RuntimeTypeCheckTest
Closure_148,SourceMap|PeepholeFoldConstants,SourceMapTest|PeepholeFoldConstantsTest
Closure_150,TypedScopeCreator,TypedScopeCreatorTest
Closure_151,CommandLineRunner,CommandLineRunnerTest
Closure_152,FunctionType,TypeCheckTest
Closure_153,Normalize|SyntacticScopeCreator,NormalizeTest
Closure_154,TypeCheck|TypeValidator,TypeCheckTest
Closure_156,CollapseProperties,CollapsePropertiesTest
Closure_157,IRFactory|CodeGenerator|RenamePrototypes,IRFactoryTest|CodePrinterTest|ParserTest|RenamePropertiesTest|SimpleDefinitionFinderTest|FunctionNamesTest
Closure_158,CommandLineRunner|DiagnosticGroups|AbstractCommandLineRunner,CommandLineRunnerTest
Closure_159,InlineFunctions,InlineFunctionsTest
Closure_160,Compiler,CommandLineRunnerTest
Closure_161,PeepholeFoldConstants,PeepholeFoldConstantsTest
Closure_163,CrossModuleMethodMotion|AnalyzePrototypeProperties,CrossModuleMethodMotionTest
Closure_164,ArrowType,LooseTypeCheckTest|FunctionTypeTest|TypeCheckTest
Closure_166,PrototypeObjectType,TypeInferenceTest
Closure_167,SemanticReverseAbstractInterpreter|JSType,JSTypeTest|TypeCheckTest
Closure_168,TypedScopeCreator,TypeCheckTest
Closure_170,FlowSensitiveInlineVariables,FlowSensitiveInlineVariablesTest
Closure_171,TypeInference|TypedScopeCreator,TypedScopeCreatorTest|TypeCheckTest
Closure_172,TypedScopeCreator,TypeCheckTest
Closure_173,PeepholeSubstituteAlternateSyntax|CodeGenerator,CodePrinterTest|PeepholeSubstituteAlternateSyntaxTest
Closure_174,JsAst|ScopedAliases|NodeUtil,ScopedAliasesTest
Closure_175,FunctionInjector,FunctionInjectorTest|InlineFunctionsTest
Closure_176,TypeInference,TypeCheckTest
Lang_1,NumberUtils,NumberUtilsTest
Lang_3,NumberUtils,NumberUtilsTest
Lang_4,LookupTranslator,LookupTranslatorTest
Lang_5,LocaleUtils,LocaleUtilsTest
Lang_6,CharSequenceTranslator,StringUtilsTest
Lang_7,NumberUtils,NumberUtilsTest
Lang_8,FastDatePrinter,FastDateFormat_PrinterTest|FastDatePrinterTest
Lang_9,FastDateParser,FastDateParserTest|FastDateFormat_ParserTest
Lang_10,FastDateParser,FastDateParserTest|FastDateFormat_ParserTest
Lang_11,RandomStringUtils,RandomStringUtilsTest
Lang_12,RandomStringUtils,RandomStringUtilsTest
Lang_13,SerializationUtils,SerializationUtilsTest
Lang_14,StringUtils,StringUtilsEqualsIndexOfTest
Lang_15,TypeUtils,TypeUtilsTest
Lang_16,NumberUtils,NumberUtilsTest
Lang_17,CharSequenceTranslator,StringEscapeUtilsTest
Lang_18,FastDateFormat,FastDateFormatTest
Lang_19,NumericEntityUnescaper,NumericEntityUnescaperTest
Lang_20,StringUtils,StringUtilsTest
Lang_21,DateUtils,DateUtilsTest
Lang_22,Fraction,FractionTest
Lang_24,NumberUtils,NumberUtilsTest
Lang_26,FastDateFormat,FastDateFormatTest
Lang_27,NumberUtils,NumberUtilsTest
Lang_28,NumericEntityUnescaper,NumericEntityUnescaperTest
Lang_29,SystemUtils,SystemUtilsTest
Lang_30,StringUtils,StringUtilsEqualsIndexOfTest
Lang_31,StringUtils,StringUtilsEqualsIndexOfTest
Lang_32,HashCodeBuilder,HashCodeBuilderTest
Lang_33,ClassUtils,ClassUtilsTest
Lang_34,ToStringStyle,ToStringBuilderTest
Lang_35,ArrayUtils,ArrayUtilsAddTest
Lang_36,NumberUtils,NumberUtilsTest
Lang_37,ArrayUtils,ArrayUtilsAddTest
Lang_38,FastDateFormat,FastDateFormatTest
Lang_39,StringUtils,StringUtilsTest
Lang_40,StringUtils,StringUtilsEqualsIndexOfTest
Lang_41,ClassUtils,ClassUtilsTest
Lang_42,Entities,StringEscapeUtilsTest
Lang_44,NumberUtils,NumberUtilsTest
Lang_45,WordUtils,WordUtilsTest
Lang_46,StringEscapeUtils,StringEscapeUtilsTest
Lang_47,StrBuilder,StrBuilderTest
Lang_48,EqualsBuilder,EqualsBuilderTest
Lang_49,Fraction,FractionTest
Lang_50,FastDateFormat,FastDateFormatTest
Lang_51,BooleanUtils,BooleanUtilsTest
Lang_52,StringEscapeUtils,StringEscapeUtilsTest
Lang_53,DateUtils,DateUtilsTest
Lang_54,LocaleUtils,LocaleUtilsTest
Lang_55,StopWatch,StopWatchTest
Lang_57,LocaleUtils,LocaleUtilsTest
Lang_58,NumberUtils,NumberUtilsTest
Lang_59,StrBuilder,StrBuilderAppendInsertTest
Lang_60,StrBuilder,StrBuilderTest
Lang_61,StrBuilder,StrBuilderTest
Lang_62,Entities,EntitiesTest
Lang_63,DurationFormatUtils,DurationFormatUtilsTest
Lang_64,ValuedEnum,ValuedEnumTest
Lang_65,DateUtils,DateUtilsTest
Math_1,Fraction|BigFraction,BigFractionTest|FractionTest
Math_2,HypergeometricDistribution,HypergeometricDistributionTest
Math_3,MathArrays,MathArraysTest
Math_4,SubLine,SubLineTest
Math_5,Complex,ComplexTest
Math_6,BaseOptimizer|NonLinearConjugateGradientOptimizer|SimplexOptimizer|GaussNewtonOptimizer|PowellOptimizer|LevenbergMarquardtOptimizer|CMAESOptimizer,LevenbergMarquardtOptimizerTest|CMAESOptimizerTest|NonLinearConjugateGradientOptimizerTest|SimplexOptimizerNelderMeadTest|PowellOptimizerTest|GaussNewtonOptimizerTest|SimplexOptimizerMultiDirectionalTest
Math_7,AbstractIntegrator,DormandPrince853IntegratorTest
Math_8,DiscreteDistribution,DiscreteRealDistributionTest
Math_9,Line,LineTest
Math_10,DSCompiler,DerivativeStructureTest
Math_11,MultivariateNormalDistribution,MultivariateNormalDistributionTest
Math_13,AbstractLeastSquaresOptimizer,PolynomialFitterTest
Math_14,AbstractLeastSquaresOptimizer|Weight,PolynomialFitterTest
Math_15,FastMath,FastMathTest
Math_16,FastMath,FastMathTest
Math_17,Dfp,DfpTest
Math_18,CMAESOptimizer,CMAESOptimizerTest
Math_19,CMAESOptimizer,CMAESOptimizerTest
Math_20,CMAESOptimizer,CMAESOptimizerTest
Math_21,RectangularCholeskyDecomposition,RectangularCholeskyDecompositionTest
Math_22,FDistribution|UniformRealDistribution,FDistributionTest|UniformRealDistributionTest
Math_23,BrentOptimizer,BrentOptimizerTest
Math_24,BrentOptimizer,BrentOptimizerTest
Math_25,HarmonicFitter,HarmonicFitterTest
Math_26,Fraction,FractionTest
Math_27,Fraction,FractionTest
Math_28,SimplexSolver,SimplexSolverTest
Math_29,OpenMapRealVector,SparseRealVectorTest
Math_30,MannWhitneyUTest,MannWhitneyUTestTest
Math_31,ContinuedFraction,FDistributionTest|BinomialDistributionTest
Math_32,PolygonsSet,PolyhedronsSetTest
Math_33,SimplexTableau,SimplexSolverTest
Math_34,ListPopulation,ListPopulationTest
Math_35,ElitisticListPopulation,ElitisticListPopulationTest
Math_36,BigFraction,BigFractionTest
Math_37,Complex,ComplexTest
Math_38,BOBYQAOptimizer,BOBYQAOptimizerTest
Math_39,EmbeddedRungeKuttaIntegrator,DormandPrince853IntegratorTest
Math_40,BracketingNthOrderBrentSolver,BracketingNthOrderBrentSolverTest
Math_41,Variance,VarianceTest
Math_42,SimplexTableau,SimplexSolverTest
Math_43,SummaryStatistics,SummaryStatisticsTest|SynchronizedSummaryStatisticsTest
Math_44,AbstractIntegrator,EventStateTest
Math_45,OpenMapRealMatrix,OpenMapRealMatrixTest
Math_46,Complex,ComplexTest
Math_47,Complex,ComplexTest
Math_48,BaseSecantSolver,RegulaFalsiSolverTest
Math_49,OpenMapRealVector,SparseRealVectorTest
Math_50,BaseSecantSolver,RegulaFalsiSolverTest
Math_51,BaseSecantSolver,RegulaFalsiSolverTest
Math_52,Rotation,RotationTest
Math_53,Complex,ComplexTest
Math_54,Dfp,DfpTest
Math_55,Vector3D,Vector3DTest
Math_56,MultidimensionalCounter,MultidimensionalCounterTest
Math_57,KMeansPlusPlusClusterer,KMeansPlusPlusClustererTest
Math_58,GaussianFitter,GaussianFitterTest
Math_59,FastMath,FastMathTest
Math_60,NormalDistributionImpl,NormalDistributionTest
Math_61,PoissonDistributionImpl,PoissonDistributionTest
Math_62,MultiStartUnivariateRealOptimizer,MultiStartUnivariateRealOptimizerTest
Math_63,MathUtils,MathUtilsTest
Math_64,LevenbergMarquardtOptimizer,MinpackTest
Math_65,AbstractLeastSquaresOptimizer,LevenbergMarquardtOptimizerTest
Math_66,BrentOptimizer,BrentOptimizerTest|MultiStartUnivariateRealOptimizerTest
Math_67,MultiStartUnivariateRealOptimizer,MultiStartUnivariateRealOptimizerTest
Math_68,LevenbergMarquardtOptimizer,MinpackTest
Math_69,PearsonsCorrelation,PearsonsCorrelationTest|SpearmansRankCorrelationTest
Math_70,BisectionSolver,BisectionSolverTest
Math_71,EmbeddedRungeKuttaIntegrator|RungeKuttaIntegrator,DormandPrince853IntegratorTest|ClassicalRungeKuttaIntegratorTest
Math_72,BrentSolver,BrentSolverTest
Math_73,BrentSolver,BrentSolverTest
Math_74,EmbeddedRungeKuttaIntegrator,AdamsMoultonIntegratorTest
Math_75,Frequency,FrequencyTest
Math_76,SingularValueDecompositionImpl,SingularValueSolverTest
Math_77,OpenMapRealVector|ArrayRealVector,SparseRealVectorTest|ArrayRealVectorTest
Math_78,EventState,EventStateTest
Math_79,MathUtils,KMeansPlusPlusClustererTest
Math_80,EigenDecompositionImpl,EigenDecompositionImplTest
Math_81,EigenDecompositionImpl,EigenDecompositionImplTest
Math_82,SimplexSolver,SimplexSolverTest
Math_83,SimplexTableau,SimplexSolverTest
Math_84,MultiDirectional,MultiDirectionalTest
Math_85,UnivariateRealSolverUtils,NormalDistributionTest
Math_86,CholeskyDecompositionImpl,CholeskyDecompositionImplTest
Math_87,SimplexTableau,SimplexSolverTest
Math_88,SimplexTableau,SimplexSolverTest
Math_89,Frequency,FrequencyTest
Math_90,Frequency,FrequencyTest
Math_91,Fraction,FractionTest
Math_92,MathUtils,MathUtilsTest
Math_93,MathUtils,MathUtilsTest
Math_94,MathUtils,MathUtilsTest
Math_95,FDistributionImpl,FDistributionTest
Math_96,Complex,ComplexTest
Math_97,BrentSolver,BrentSolverTest
Math_98,BigMatrixImpl|RealMatrixImpl,RealMatrixImplTest|BigMatrixImplTest
Math_99,MathUtils,MathUtilsTest
Math_100,AbstractEstimator,GaussNewtonEstimatorTest
Math_101,ComplexFormat,ComplexFormatTest|FrenchComplexFormatTest
Math_102,ChiSquareTestImpl,TestUtilsTest|ChiSquareFactoryTest|ChiSquareTestTest
Math_103,NormalDistributionImpl,NormalDistributionTest
Math_105,SimpleRegression,SimpleRegressionTest
Math_106,ProperFractionFormat,FractionFormatTest
Mockito_1,InvocationMatcher,ResetTest|UsingVarargsTest|BasicStubbingTest|VarargsAndAnyObjectPicksUpExtraInvocationsTest|VarargsErrorWhenCallingRealMethodTest|InvocationMatcherTest|FieldInitializerTest|DeprecatedStubbingTest|VerificationAndStubbingUsingMatchersTest|ParameterizedConstructorInstantiatorTest|VarargsNotPlayingWithAnyObjectTest|VerificationInOrderMixedWithOrdiraryVerificationTest
Mockito_2,Timer,NegativeDurationTest|TimerTest
Mockito_3,InvocationMatcher,InvocationMatcherTest|VarargsNotPlayingWithAnyObjectTest|VarargsAndAnyObjectPicksUpExtraInvocationsTest|CapturingArgumentsTest
Mockito_4,Reporter,ReporterTest|ClassCastExOnVerifyZeroInteractionsTest
Mockito_5,VerificationOverTimeImpl,NoJUnitDependenciesTest
Mockito_6,Matchers,NewMatchersTest|AnyXMatchersAcceptNullsTest|MatchersTest
Mockito_7,GenericMetadataSupport,DeepStubFailingWhenGenricNestedAsRawTypeTest
Mockito_8,GenericMetadataSupport,GenericMetadataSupportTest
Mockito_9,CallsRealMethods,CreatingMocksWithConstructorTest
Mockito_10,ReturnsDeepStubs,DeepStubsWronglyReportsSerializationProblemsTest
Mockito_11,DelegatingMethod,DelegatingMethodTest
Mockito_12,GenericMaster,GenericMasterTest|CaptorAnnotationBasicTest|CaptorAnnotationTest
Mockito_13,MockHandler,VerifyingWithAnExtraCallToADifferentMockTest
Mockito_14,MockitoCore|MockHandler,VerifyingWithAnExtraCallToADifferentMockTest
Mockito_15,FinalMockCandidateFilter,InjectMocksShouldTryPropertySettersFirstBeforeFieldAccessTest
Mockito_16,MockitoCore|Mockito,StubbingMocksThatAreConfiguredToReturnMocksTest
Mockito_17,MockSettingsImpl|MockUtil,MocksSerializationTest
Mockito_18,ReturnsEmptyValues,ReturnsEmptyValuesTest
Mockito_19,MockCandidateFilter|TypeBasedCandidateFilter|NameBasedCandidateFilter|FinalMockCandidateFilter|PropertyAndSetterInjection,MockInjectionUsingSetterOrPropertyTest
Mockito_20,ByteBuddyMockMaker,CreatingMocksWithConstructorTest|SpyAnnotationTest
Mockito_21,ConstructorInstantiator,ConstructorInstantiatorTest
Mockito_22,Equality,EqualityTest
Mockito_23,ReturnsDeepStubs,DeepStubsSerializableTest
Mockito_24,ReturnsEmptyValues,ShouldMocksCompareToBeConsistentWithEqualsTest|ReturnsEmptyValuesTest
Mockito_25,ReturnsDeepStubs,ReturnsGenericDeepStubsTest
Mockito_27,MockUtil,ListenersLostOnResetMockTest
Mockito_28,DefaultInjectionEngine,InjectionByTypeShouldFirstLookForExactTypeThenAncestorTest
Mockito_29,Same,NPEWithCertainMatchersTest
Mockito_30,Reporter|ReturnsSmartNulls,ReturnsSmartNullsTest
Mockito_31,ReturnsSmartNulls,ReturnsSmartNullsTest
Mockito_32,SpyAnnotationEngine,SpyShouldHaveNiceNameTest
Mockito_33,InvocationMatcher,InheritedGenericsPolimorphicCallTest
Mockito_34,InvocationMatcher,InvocationMatcherTest|UsingVarargsTest
Mockito_35,Matchers,NPEWithCertainMatchersTest
Mockito_36,Invocation,InvocationTest|SpyingOnInterfacesTest
Mockito_37,AnswersValidator,SpyingOnInterfacesTest|AnswersValidatorTest
Mockito_38,ArgumentMatchingTool,ActualInvocationHasNullArgumentNPEBugTest|ArgumentMatchingToolTest
Time_1,UnsupportedDurationField|Partial,TestPartial_Constructors
Time_2,UnsupportedDurationField|Partial,TestPartial_Basics
Time_3,MutableDateTime,TestMutableDateTime_Adds
Time_4,Partial,TestPartial_Basics
Time_5,Period,TestPeriod_Basics
Time_6,GJChronology,TestGJDate
Time_7,DateTimeFormatter,TestDateTimeFormatter
Time_8,DateTimeZone,TestDateTimeZone
Time_9,DateTimeZone,TestDateTimeZone
Time_10,BaseSingleFieldPeriod,TestDays|TestMonths
Time_12,LocalDate|LocalDateTime,TestLocalDateTime_Constructors|TestLocalDate_Constructors
Time_13,PeriodFormatterBuilder,TestISOPeriodFormat
Time_14,BasicMonthOfYearDateTimeField,TestMonthDay_Basics
Time_15,FieldUtils,TestFieldUtils
Time_16,DateTimeFormatter,TestDateTimeFormatter
Time_17,DateTimeZone,TestDateTimeZoneCutover
Time_18,GJChronology,TestGJChronology
Time_19,DateTimeZone,TestDateTimeZoneCutover
Time_20,DateTimeFormatterBuilder,TestDateTimeFormatterBuilder
Time_22,BasePeriod,TestDuration_Basics|TestPeriod_Constructors
Time_23,DateTimeZone,TestDateTimeZone
Time_24,DateTimeParserBucket,TestDateTimeFormatter
Time_25,DateTimeZone,TestDateTimeZoneCutover
Time_27,PeriodFormatterBuilder,TestPeriodFormatterBuilder
Cli_1,CommandLine,BugCLI13Test
Cli_2,PosixParser,BugCLI51Test
Cli_3,TypeHandler,PatternOptionBuilderTest
Cli_4,Parser,OptionsTest
Cli_5,Util,UtilTest|BugCLI133Test
Cli_8,HelpFormatter,HelpFormatterTest
Cli_9,Parser,ParseRequiredTest|OptionsTest
Cli_10,Parser,ParseRequiredTest
Cli_11,HelpFormatter,HelpFormatterTest
Cli_12,GnuParser,GnuParserTest
Cli_14,GroupImpl,BugCLI144Test
Cli_15,WriteableCommandLineImpl,BugCLI158Test
Cli_17,PosixParser,PosixParserTest
Cli_18,PosixParser,PosixParserTest
Cli_19,PosixParser,PosixParserTest
Cli_20,PosixParser,PosixParserTest
Cli_22,PosixParser,PosixParserTest|ApplicationTest
Cli_23,HelpFormatter,BugCLI162Test
Cli_24,HelpFormatter,BugCLI162Test
Cli_25,HelpFormatter,BugCLI162Test
Cli_26,OptionBuilder,OptionBuilderTest
Cli_27,OptionGroup,PosixParserTest|GnuParserTest|BasicParserTest
Cli_28,Parser,ValueTest
Cli_29,Util,UtilTest
Cli_30,DefaultParser|Parser,GnuParserTest|OptionGroupTest|PosixParserTest|BasicParserTest|DefaultParserTest
Cli_32,HelpFormatter,HelpFormatterTest
Cli_33,HelpFormatter,HelpFormatterTest
Cli_35,Options,BugCLI252Test
Cli_37,DefaultParser,BugCLI265Test
Cli_38,DefaultParser,BugCLI265Test
Cli_39,TypeHandler,PatternOptionBuilderTest
Cli_40,TypeHandler,TypeHandlerTest
Codec_1,Caverphone|Metaphone|SoundexUtils,SoundexTest|RefinedSoundexTest|DoubleMetaphoneTest|CaverphoneTest|MetaphoneTest
Codec_2,Base64,Base64OutputStreamTest|Base64InputStreamTest
Codec_3,DoubleMetaphone,DoubleMetaphone2Test
Codec_4,Base64,Base64Codec13Test
Codec_5,Base64,Base64OutputStreamTest|Base64InputStreamTest
Codec_6,Base64InputStream,Base64InputStreamTest
Codec_8,Base64InputStream|Base64,Base64InputStreamTest
Codec_9,Base64,Base64Test
Codec_10,Caverphone,CaverphoneTest
Codec_11,QuotedPrintableCodec,QuotedPrintableCodecTest
Codec_15,Soundex,SoundexTest
Codec_17,StringUtils,StringUtilsTest
Codec_18,StringUtils,StringUtilsTest
Collections_25,IteratorUtils,IteratorUtilsTest
Collections_26,MultiKey,MultiKeyTest
Collections_27,MultiValueMap,MultiValueMapTest
Collections_28,AbstractPatriciaTrie,PatriciaTrieTest
Compress_1,CpioArchiveOutputStream,CpioTestCase
Compress_2,ArArchiveInputStream,ArTestCase
Compress_3,TarArchiveOutputStream,ArchiveOutputStreamTest
Compress_4,TarArchiveOutputStream|ZipArchiveOutputStream|ChangeSetPerformer|CpioArchiveOutputStream,JarArchiveOutputStreamTest|UTF8ZipFilesTest
Compress_5,ZipArchiveInputStream,Maven221MultiVolumeTest
Compress_6,ZipArchiveEntry,ZipArchiveEntryTest
Compress_9,TarArchiveOutputStream,TarArchiveOutputStreamTest
Compress_10,ZipFile,UTF8ZipFilesTest
Compress_11,ArchiveStreamFactory,ArchiveStreamFactoryTest
Compress_12,TarArchiveInputStream,TarTestCase
Compress_13,ZipArchiveEntry,ZipFileTest|ZipArchiveInputStreamTest
Compress_14,TarUtils,TarArchiveInputStreamTest
Compress_15,ZipArchiveEntry,ZipArchiveEntryTest
Compress_16,ArchiveStreamFactory,ArchiveStreamFactoryTest
Compress_17,TarUtils,TarArchiveInputStreamTest
Compress_18,TarArchiveOutputStream,TarArchiveOutputStreamTest
Compress_19,Zip64ExtendedInformationExtraField,ZipFileTest
Compress_20,CpioArchiveInputStream,CpioArchiveInputStreamTest
Compress_21,SevenZOutputFile,SevenZOutputFileTest
Compress_22,BZip2CompressorInputStream,PythonTruncatedBzip2Test
Compress_23,Coders,SevenZFileTest
Compress_24,TarUtils,TarUtilsTest
Compress_25,ZipArchiveInputStream,ZipArchiveInputStreamTest
Compress_26,IOUtils,IOUtilsTest
Compress_27,TarUtils,TarUtilsTest
Compress_28,TarArchiveInputStream,TarArchiveInputStreamTest
Compress_29,TarArchiveInputStream|DumpArchiveInputStream|ZipArchiveInputStream|CpioArchiveInputStream|CpioArchiveOutputStream|TarArchiveOutputStream|ArchiveStreamFactory,ArchiveStreamFactoryTest
Compress_30,BZip2CompressorInputStream,BZip2CompressorInputStreamTest
Compress_31,TarUtils,TarUtilsTest|TarTestCase
Compress_32,TarArchiveInputStream,TarArchiveInputStreamTest
Compress_34,X7875_NewUnix,X7875_NewUnixTest
Compress_35,TarUtils,DetectArchiverTestCase
Compress_36,SevenZFile,SevenZFileTest
Compress_37,TarArchiveInputStream,TarArchiveInputStreamTest
Compress_38,TarArchiveEntry,TarArchiveInputStreamTest
Compress_39,ArchiveUtils,ArchiveUtilsTest
Compress_40,BitInputStream,BitInputStreamTest
Compress_41,ZipArchiveInputStream,ZipTestCase|ZipArchiveInputStreamTest
Compress_43,ZipArchiveOutputStream,DataDescriptorTest
Compress_44,ChecksumCalculatingInputStream,ChecksumCalculatingInputStreamTest
Compress_45,TarUtils,TarUtilsTest
Compress_46,X5455_ExtendedTimestamp,X5455_ExtendedTimestampTest
Compress_47,ZipArchiveInputStream,ZipArchiveInputStreamTest
Csv_1,ExtendedBufferedReader,CSVParserTest
Csv_2,CSVRecord,CSVRecordTest
Csv_3,Lexer,CSVLexerTest|CSVParserTest
Csv_4,CSVParser,CSVParserTest
Csv_5,CSVPrinter,CSVFormatTest
Csv_6,CSVRecord,CSVRecordTest
Csv_7,CSVParser,CSVParserTest
Csv_8,CSVFormat,CSVFormatTest
Csv_9,CSVRecord,CSVRecordTest
Csv_10,CSVPrinter,CSVPrinterTest
Csv_11,CSVParser,CSVParserTest
Csv_14,CSVFormat,CSVPrinterTest
Csv_15,CSVFormat,CSVPrinterTest
Csv_16,CSVParser,CSVParserTest
Gson_1,TypeInfoFactory,TypeVariableTest
Gson_2,TypeAdapters,DefaultTypeAdaptersTest
Gson_3,ConstructorConstructor,MapTest
Gson_4,JsonReader|JsonWriter,JsonWriterTest|JsonReaderTest
Gson_5,ISO8601Utils,DefaultDateTypeAdapterTest
Gson_6,JsonAdapterAnnotationTypeAdapterFactory,JsonAdapterNullSafeTest
Gson_7,JsonReader,JsonReaderTest|MapTest
Gson_8,UnsafeAllocator,UnsafeAllocatorInstantiationTest
Gson_10,ReflectiveTypeAdapterFactory,JsonAdapterAnnotationOnFieldsTest
Gson_11,TypeAdapters,PrimitiveTest
Gson_12,JsonTreeReader,JsonTreeReaderTest
Gson_13,JsonReader,JsonReaderTest
Gson_14,,RecursiveTypesResolveTest
Gson_15,JsonWriter,JsonWriterTest
Gson_16,,RecursiveTypesResolveTest
Gson_17,DefaultDateTypeAdapter,DefaultDateTypeAdapterTest
Gson_18,,CollectionTest
JacksonCore_1,TextBuffer|NumberInput,TestParserNonStandard
JacksonCore_2,UTF8StreamJsonParser|ReaderBasedJsonParser,TestParserErrorHandling
JacksonCore_3,UTF8StreamJsonParser,TestLocation
JacksonCore_4,TextBuffer,TestTextBuffer
JacksonCore_5,JsonPointer,TestJsonPointer
JacksonCore_6,JsonPointer,TestJsonPointer
JacksonCore_7,JsonWriteContext,GeneratorFailTest
JacksonCore_8,TextBuffer,TestTextBuffer
JacksonCore_9,ParserMinimalBase|UTF8StreamJsonParser|ReaderBasedJsonParser,TestJsonParser
JacksonCore_10,ByteQuadsCanonicalizer,TestSymbolTables|TestByteBasedSymbols
JacksonCore_11,ByteQuadsCanonicalizer,SymbolsViaParserTest
JacksonCore_12,UTF8StreamJsonParser|ReaderBasedJsonParser,LocationInObjectTest
JacksonCore_13,JsonGeneratorImpl,TestJsonGeneratorFeatures
JacksonCore_14,IOContext,TestIOContext
JacksonCore_15,FilteringParserDelegate,BasicParserFilteringTest
JacksonCore_16,JsonParserSequence,ParserSequenceTest
JacksonCore_17,UTF8JsonGenerator,RawValueWithSurrogatesTest
JacksonCore_18,GeneratorBase|UTF8JsonGenerator|WriterBasedJsonGenerator,TestJsonGeneratorFeatures
JacksonCore_19,UTF8StreamJsonParser|ReaderBasedJsonParser,TestNumericValues
JacksonCore_20,JsonGenerator,Base64GenerationTest|TestGeneratorMisc
JacksonCore_21,FilteringParserDelegate,TokenVerifyingParserFiltering330Test
JacksonCore_22,FilteringParserDelegate,BasicParserFilteringTest
JacksonCore_23,DefaultPrettyPrinter,TestDefaultPrettyPrinter
JacksonCore_24,ParserBase|ParserMinimalBase,NumberOverflowTest|AsyncNumberCoercionTest|NumberCoercionTest|NumberParsingTest
JacksonCore_25,ReaderBasedJsonParser,NonStandardUnquotedNamesTest
JacksonCore_26,NonBlockingJsonParser,AsyncLocationTest
JacksonDatabind_1,BeanPropertyWriter,TestPOJOAsArray
JacksonDatabind_2,TokenBuffer,TestConversions
JacksonDatabind_3,StringArrayDeserializer,TestArrayDeserialization
JacksonDatabind_4,StringArrayDeserializer,TestCollectionDeserialization
JacksonDatabind_5,AnnotatedClass,TestMixinMerging
JacksonDatabind_6,StdDateFormat,TestDateDeserialization
JacksonDatabind_7,TokenBuffer,TestCreatorsDelegating
JacksonDatabind_8,CreatorCollector,TestJdkTypes
JacksonDatabind_9,StdKeySerializer,TestMapSerialization
JacksonDatabind_10,BeanSerializerFactory|AnyGetterWriter,TestAnyGetter
JacksonDatabind_11,TypeFactory,TestJavaType|TestLocalType609
JacksonDatabind_12,MapDeserializer,TestCustomDeserializers
JacksonDatabind_13,ObjectIdValueProperty|DefaultDeserializationContext,TestObjectIdDeserialization
JacksonDatabind_14,ObjectReader,TestUpdateValue
JacksonDatabind_16,AnnotationMap,MixinsWithBundlesTest
JacksonDatabind_17,ObjectMapper,TestJsonNode
JacksonDatabind_18,MappingIterator,ReadRecoveryTest
JacksonDatabind_19,TypeFactory,TestMapConversions|TestTypeFactory|TestMapDeserialization
JacksonDatabind_22,BasicSerializerFactory|BeanSerializerFactory,TestJsonValue
JacksonDatabind_23,NumberSerializers,TestJsonSerialize2
JacksonDatabind_24,BaseSettings,TestConfig
JacksonDatabind_25,DeserializerCache|BasicDeserializerFactory|TypeDeserializerBase|SimpleAbstractTypeResolver,TestArrayDeserialization
JacksonDatabind_27,BeanDeserializer,TestExternalId
JacksonDatabind_28,JsonNodeDeserializer,TestObjectNode
JacksonDatabind_29,ExternalTypeHandler,TestExternalId
JacksonDatabind_30,ObjectMapper|TokenBuffer,TestExternalId
JacksonDatabind_31,TokenBuffer,TestTokenBuffer
JacksonDatabind_32,UntypedObjectDeserializer,TestUntypedDeserialization
JacksonDatabind_33,JacksonAnnotationIntrospector,TestUnwrapped
JacksonDatabind_34,NumberSerializer,NewSchemaTest
JacksonDatabind_35,AsWrapperTypeDeserializer,WrapperObjectWithObjectIdTest
JacksonDatabind_36,StdDateFormat,TestStdDateFormat
JacksonDatabind_37,SimpleType,Objecid1083Test
JacksonDatabind_38,MapType|SimpleType|CollectionType,DeprecatedTypeHandling1102Test
JacksonDatabind_39,NullifyingDeserializer,TestPolymorphicWithDefaultImpl
JacksonDatabind_40,NumberDeserializers,TestSimpleTypes
JacksonDatabind_41,TypeFactory,DeprecatedTypeHandling1102Test
JacksonDatabind_42,FromStringDeserializer,TestJdkTypes
JacksonDatabind_43,ObjectIdValueProperty,TestObjectIdSerialization
JacksonDatabind_44,SimpleType,TestSubtypes
JacksonDatabind_45,DateTimeSerializerBase,DateSerializationTest
JacksonDatabind_46,ReferenceType,TestJavaType
JacksonDatabind_47,AnnotationIntrospector,TestJsonSerialize|TestJsonSerializeAs
JacksonDatabind_48,SerializationConfig|DeserializationConfig,TestFeatures
JacksonDatabind_49,WritableObjectId,AlwaysAsReferenceFirstTest
JacksonDatabind_50,BeanDeserializer,ObjectWithCreator1261Test
JacksonDatabind_51,TypeDeserializerBase,TestCustomTypeIdResolver
JacksonDatabind_54,PropertyBuilder,TestJDKAtomicTypes
JacksonDatabind_55,StdKeySerializers,TestEnumSerialization
JacksonDatabind_56,FromStringDeserializer,TestJdkTypes
JacksonDatabind_57,ObjectReader,ReadValuesTest
JacksonDatabind_58,BeanDeserializerFactory,AccessFixTest
JacksonDatabind_60,JsonValueSerializer,TestDefaultWithCreators|ExternalTypeIdTest
JacksonDatabind_61,ObjectMapper|StdTypeResolverBuilder,DefaultTypingWithPrimitivesTest
JacksonDatabind_62,CollectionDeserializer,ArrayDelegatorCreatorForCollectionTest
JacksonDatabind_63,JsonMappingException,TestExceptionHandlingWithDefaultDeserialization|ExceptionPathTest|TestExceptionHandlingWithJsonCreatorDeserialization
JacksonDatabind_64,PropertyBuilder,JsonIncludeTest
JacksonDatabind_65,BasicBeanDescription|StdKeyDeserializer,KeyDeser1429Test
JacksonDatabind_66,StdKeyDeserializer,TestCustomEnumKeyDeserializer
JacksonDatabind_67,BasicDeserializerFactory,TestCustomEnumKeyDeserializer
JacksonDatabind_68,BeanDeserializerBase,SingleValueAsArrayTest
JacksonDatabind_69,CreatorCollector,Creator1476Test
JacksonDatabind_70,BeanPropertyMap,TestUnwrapped
JacksonDatabind_71,StdKeyDeserializer,TestMapDeserialization
JacksonDatabind_72,InnerClassProperty,InnerClassCreatorTest
JacksonDatabind_73,POJOPropertiesCollector|POJOPropertyBuilder,ReadOrWriteOnlyTest
JacksonDatabind_74,AsPropertyTypeDeserializer,TestPolymorphicWithDefaultImpl
JacksonDatabind_75,EnumSerializer,EnumFormatShapeTest
JacksonDatabind_76,BuilderBasedDeserializer,BuilderWithUnwrappedTest
JacksonDatabind_77,BeanDeserializerFactory,IllegalTypesCheckTest
JacksonDatabind_78,BeanDeserializerFactory,IllegalTypesCheckTest
JacksonDatabind_79,ObjectIdInfo|JacksonAnnotationIntrospector|BeanSerializerBase,AlwaysAsReferenceFirstTest
JacksonDatabind_80,StdSubtypeResolver,TestTypeNames
JacksonDatabind_81,JacksonAnnotationIntrospector,TypeCoercion1592Test
JacksonDatabind_82,BeanDeserializerFactory,IgnorePropertyOnDeserTest
JacksonDatabind_83,FromStringDeserializer,ProblemHandlerTest
JacksonDatabind_84,ResolvedRecursiveType,TestTypeFactoryWithRecursiveTypes
JacksonDatabind_85,DateTimeSerializerBase,DateSerializationTest
JacksonDatabind_86,ResolvedRecursiveType,TestTypeFactoryWithRecursiveTypes|RecursiveTypeTest
JacksonDatabind_87,StdDateFormat,TestDateDeserialization
JacksonDatabind_88,ClassNameIdResolver,GenericTypeId1735Test
JacksonDatabind_90,ValueInstantiator|StdValueInstantiator,DelegatingArrayCreator1804Test
JacksonDatabind_91,DeserializerCache,MapDeserializerCachingTest
JacksonDatabind_93,SubTypeValidator,IllegalTypesCheckTest
JacksonDatabind_94,SubTypeValidator,IllegalTypesCheckTest
JacksonDatabind_95,TypeFactory|TypeParser,TestTypeFactory
JacksonDatabind_96,BasicDeserializerFactory,CreatorWithNamingStrategyTest
JacksonDatabind_97,POJONode,POJONodeTest
JacksonDatabind_98,ExternalTypeHandler,ExternalTypeIdWithEnum1328Test
JacksonDatabind_99,ReferenceType,TestTypeFactory
JacksonDatabind_100,TreeTraversingParser,TestConversions
JacksonDatabind_101,BeanDeserializer,TestUnwrapped
JacksonDatabind_102,DateTimeSerializerBase,SqlDateSerializationTest
JacksonDatabind_104,StdDateFormat,DateSerializationTest
JacksonDatabind_105,JdkDeserializers,JDKScalarsTest
JacksonDatabind_106,TreeTraversingParser,TestTreeTraversingParser
JacksonDatabind_107,TypeDeserializerBase,ProblemHandlerUnknownTypeId2221Test
JacksonDatabind_108,ObjectReader,EmptyContentAsTreeTest
JacksonDatabind_109,NumberSerializers|NumberSerializer,BigDecimalPlain2230Test
JacksonDatabind_110,JavaUtilCollectionsDeserializers,UtilCollectionsTypesTest
JacksonDatabind_111,ObjectIdReferenceProperty|FieldProperty|AtomicReferenceDeserializer|SetterlessProperty|CreatorProperty|MethodProperty|ObjectIdValueProperty,JDKAtomicTypesDeserTest
JacksonDatabind_112,StringCollectionDeserializer,DelegatingArrayCreator2324Test
JacksonXml_1,FromXmlParser,NestedUnwrappedListsTest|NestedUnwrappedLists180Test
JacksonXml_2,XmlTokenStream,XmlTextTest
JacksonXml_3,FromXmlParser,XmlParserNextXxxTest
JacksonXml_4,XmlSerializerProvider,RootNameTest
JacksonXml_5,XmlSerializerProvider,MapperCopyTest
JacksonXml_6,ToXmlGenerator,TestBinaryStreamToXMLSerialization
Jsoup_1,Document,ParserTest
Jsoup_2,Parser,ParserTest
Jsoup_3,Tag|Parser|Element,ElementTest|ParserTest
Jsoup_4,Entities,EntitiesTest
Jsoup_5,Parser,ParserTest
Jsoup_6,Entities,ParseTest|EntitiesTest
Jsoup_7,Document,DocumentTest
Jsoup_8,Node,ElementTest
Jsoup_10,Node,NodeTest
Jsoup_11,Selector,SelectorTest
Jsoup_12,Selector,SelectorTest
Jsoup_13,Node,ElementsTest|NodeTest
Jsoup_14,TokeniserState|Tokeniser,ParserTest
Jsoup_15,TreeBuilderState,ParserTest
Jsoup_16,DocumentType,DocumentTypeTest
Jsoup_18,CharacterReader,CharacterReaderTest|ParserTest
Jsoup_19,Whitelist,CleanerTest
Jsoup_20,DataUtil,DataUtilTest
Jsoup_21,CombiningEvaluator|QueryParser,SelectorTest
Jsoup_22,Elements|Node|Element,NodeTest|ElementTest
Jsoup_24,TokeniserState,HtmlParserTest
Jsoup_26,Cleaner,CleanerTest
Jsoup_27,DataUtil,DataUtilTest
Jsoup_29,Document,DocumentTest
Jsoup_30,Cleaner,CleanerTest
Jsoup_32,Element,ElementTest
Jsoup_33,HtmlTreeBuilder,HtmlParserTest
Jsoup_34,CharacterReader,HtmlParserTest|CharacterReaderTest
Jsoup_35,HtmlTreeBuilderState,HtmlParserTest
Jsoup_36,DataUtil,ParseTest|DataUtilTest
Jsoup_37,Element,ElementTest
Jsoup_38,HtmlTreeBuilderState,HtmlParserTest
Jsoup_39,DataUtil,DataUtilTest
Jsoup_40,DocumentType,HtmlParserTest|DocumentTypeTest
Jsoup_41,Element,ElementTest
Jsoup_42,FormElement,FormElementTest
Jsoup_43,Element,ElementTest
Jsoup_44,TreeBuilder,HtmlParserTest
Jsoup_45,HtmlTreeBuilder,HtmlParserTest
Jsoup_46,Entities,DocumentTest
Jsoup_47,Entities,EntitiesTest
Jsoup_48,HttpConnection,HttpConnectionTest
Jsoup_49,Node,ElementTest
Jsoup_50,DataUtil,DataUtilTest
Jsoup_51,CharacterReader,HtmlParserTest
Jsoup_52,XmlDeclaration|DataUtil|XmlTreeBuilder,XmlTreeBuilderTest|DocumentTest
Jsoup_53,TokenQueue,SelectorTest
Jsoup_54,W3CDom,W3CDomTest
Jsoup_55,TokeniserState,AttributeParseTest
Jsoup_56,Token|HtmlTreeBuilderState|TokeniserState|DocumentType|XmlTreeBuilder,DocumentTypeTest
Jsoup_57,Attributes,ElementTest
Jsoup_59,Token,HtmlParserTest|CleanerTest
Jsoup_60,QueryParser|TokenQueue,QueryParserTest
Jsoup_61,Element,ElementsTest|SelectorTest
Jsoup_62,HtmlTreeBuilderState,HtmlParserTest
Jsoup_63,Tokeniser|HtmlTreeBuilder,HtmlParserTest
Jsoup_64,HtmlTreeBuilderState,HtmlParserTest
Jsoup_65,HtmlTreeBuilderState|HtmlTreeBuilder,HtmlParserTest
Jsoup_66,Element,ElementTest
Jsoup_68,HtmlTreeBuilder,HtmlParserTest
Jsoup_69,FormElement,FormElementTest
Jsoup_70,Element,ElementTest
Jsoup_72,CharacterReader,HtmlParserTest|CharacterReaderTest
Jsoup_73,W3CDom,W3CDomTest
Jsoup_74,StringUtil,ElementTest
Jsoup_75,Attributes,ElementTest
Jsoup_76,HtmlTreeBuilderState,HtmlParserTest
Jsoup_77,XmlTreeBuilder,XmlTreeBuilderTest
Jsoup_78,DataUtil,ConnectTest
Jsoup_79,LeafNode,TextNodeTest
Jsoup_80,XmlTreeBuilder,XmlTreeBuilderTest
Jsoup_81,DataUtil,DataUtilTest
Jsoup_82,DataUtil,HtmlParserTest
Jsoup_83,TokeniserState|CharacterReader,HtmlParserTest|TokeniserStateTest
Jsoup_84,W3CDom,W3CDomTest
Jsoup_85,Attribute,AttributeTest
Jsoup_86,Comment,XmlTreeBuilderTest
Jsoup_88,Attribute,AttributeTest
Jsoup_89,Attribute,AttributeTest
Jsoup_90,HttpConnection,HttpConnectionTest
Jsoup_91,UncheckedIOException|CharacterReader,ParseTest|ConnectTest
Jsoup_93,FormElement,FormElementTest