Chart_26,Axis,CategoryPlotTests|LineChartTests|StatisticalBarRendererTests|BoxAndWhiskerRendererTests|AreaChartTests|BarChartTests|StatisticalLineAndShapeRendererTests|LayeredBarRendererTests|GroupedStackedBarRendererTests|BarChart3DTests|LineChart3DTests|GanttChartTests|IntervalBarRendererTests|StackedBarChartTests|MinMaxCategoryRendererTests|WaterfallChartTests|LevelRendererTests|StackedAreaChartTests|StackedBarChart3DTests
Closure_4,NamedType,TypeCheckTest
Closure_6,TypeValidator,LooseTypeCheckTest|TypeCheckTest
Closure_7,ChainableReverseAbstractInterpreter,ClosureReverseAbstractInterpreterTest|SemanticReverseAbstractInterpreterTest
Closure_10,NodeUtil,PeepholeFoldConstantsTest
Closure_12,MaybeReachingVariableUse,FlowSensitiveInlineVariablesTest
Closure_13,PeepholeOptimizationsPass,IntegrationTest
Closure_17,TypedScopeCreator,TypeCheckTest
Closure_18,Compiler,IntegrationTest
Closure_19,ChainableReverseAbstractInterpreter,TypeInferenceTest
Closure_31,Compiler,CommandLineRunnerTest
Closure_33,PrototypeObjectType,TypeCheckTest
Closure_35,TypeInference,TypeCheckTest
Closure_36,InlineVariables,IntegrationTest
Closure_37,IRFactory|NodeTraversal,IntegrationTest
Closure_38,CodeConsumer,CodePrinterTest
Closure_39,PrototypeObjectType,RecordTypeTest
Closure_41,FunctionTypeBuilder,LooseTypeCheckTest|TypeCheckTest
Closure_42,IRFactory,ParserTest
Closure_43,TypedScopeCreator,TypeCheckTest
Closure_44,CodeConsumer,CodePrinterTest
Closure_48,TypedScopeCreator,TypeCheckTest
Closure_51,CodeConsumer,CodePrinterTest
Closure_52,CodeGenerator,CodePrinterTest
Closure_56,SourceFile,JsMessageExtractorTest|JSCompilerSourceExcerptProviderTest
Closure_58,LiveVariablesAnalysis,LiveVariableAnalysisTest
Closure_59,Compiler,CommandLineRunnerTest
Closure_61,NodeUtil,PeepholeRemoveDeadCodeTest
Closure_64,Compiler,CommandLineRunnerTest
Closure_65,CodeGenerator,CodePrinterTest
Closure_67,AnalyzePrototypeProperties,RemoveUnusedPrototypePropertiesTest
Closure_70,TypedScopeCreator,LooseTypeCheckTest|TypeCheckTest
Closure_72,FunctionToBlockMutator|RenameLabels,InlineFunctionsTest
Closure_73,CodeGenerator,CodePrinterTest
Closure_75,NodeUtil,PeepholeFoldConstantsTest
Closure_77,CodeGenerator,CodePrinterTest
Closure_81,IRFactory,ParserTest
Closure_82,JSType,FunctionTypeTest|TypeCheckTest
Closure_84,IRFactory,ParserTest
Closure_90,FunctionTypeBuilder|FunctionType,TypeCheckTest
Closure_98,ReferenceCollectingCallback,InlineVariablesTest
Closure_102,Normalize,CompilerRunnerTest
Closure_106,JSDocInfoBuilder|GlobalNamespace,CollapsePropertiesTest|CheckSideEffectsTest
Closure_112,TypeInference,TypeCheckTest
Closure_113,ProcessClosurePrimitives,VarCheckTest
Closure_115,FunctionInjector,InlineFunctionsTest
Closure_117,TypeValidator,TypeCheckTest
Closure_119,GlobalNamespace,CheckGlobalNamesTest
Closure_120,ReferenceCollectingCallback,InlineVariablesTest
Closure_122,IRFactory,ParserTest
Closure_123,CodeGenerator,CodePrinterTest
Closure_128,CodeGenerator,CodePrinterTest
Closure_129,PrepareAst,IntegrationTest
Closure_131,TokenStream,ConvertToDottedPropertiesTest
Closure_140,Compiler,CrossModuleCodeMotionTest
Closure_145,CodeGenerator,CodePrinterTest
Closure_146,JSType,SemanticReverseAbstractInterpreterTest
Closure_152,FunctionType,TypeCheckTest
Closure_160,Compiler,CommandLineRunnerTest
Closure_164,ArrowType,LooseTypeCheckTest|FunctionTypeTest|TypeCheckTest
Closure_166,PrototypeObjectType,TypeInferenceTest
Closure_168,TypedScopeCreator,TypeCheckTest
Closure_172,TypedScopeCreator,TypeCheckTest
Closure_176,TypeInference,TypeCheckTest
Lang_6,CharSequenceTranslator,StringUtilsTest
Lang_17,CharSequenceTranslator,StringEscapeUtilsTest
Lang_34,ToStringStyle,ToStringBuilderTest
Lang_42,Entities,StringEscapeUtilsTest
Math_7,AbstractIntegrator,DormandPrince853IntegratorTest
Math_8,DiscreteDistribution,DiscreteRealDistributionTest
Math_10,DSCompiler,DerivativeStructureTest
Math_13,AbstractLeastSquaresOptimizer,PolynomialFitterTest
Math_14,AbstractLeastSquaresOptimizer|Weight,PolynomialFitterTest
Math_29,OpenMapRealVector,SparseRealVectorTest
Math_31,ContinuedFraction,FDistributionTest|BinomialDistributionTest
Math_32,PolygonsSet,PolyhedronsSetTest
Math_33,SimplexTableau,SimplexSolverTest
Math_39,EmbeddedRungeKuttaIntegrator,DormandPrince853IntegratorTest
Math_42,SimplexTableau,SimplexSolverTest
Math_44,AbstractIntegrator,EventStateTest
Math_48,BaseSecantSolver,RegulaFalsiSolverTest
Math_49,OpenMapRealVector,SparseRealVectorTest
Math_50,BaseSecantSolver,RegulaFalsiSolverTest
Math_51,BaseSecantSolver,RegulaFalsiSolverTest
Math_60,NormalDistributionImpl,NormalDistributionTest
Math_61,PoissonDistributionImpl,PoissonDistributionTest
Math_64,LevenbergMarquardtOptimizer,MinpackTest
Math_65,AbstractLeastSquaresOptimizer,LevenbergMarquardtOptimizerTest
Math_68,LevenbergMarquardtOptimizer,MinpackTest
Math_74,EmbeddedRungeKuttaIntegrator,AdamsMoultonIntegratorTest
Math_76,SingularValueDecompositionImpl,SingularValueSolverTest
Math_79,MathUtils,KMeansPlusPlusClustererTest
Math_83,SimplexTableau,SimplexSolverTest
Math_85,UnivariateRealSolverUtils,NormalDistributionTest
Math_87,SimplexTableau,SimplexSolverTest
Math_88,SimplexTableau,SimplexSolverTest
Math_95,FDistributionImpl,FDistributionTest
Math_100,AbstractEstimator,GaussNewtonEstimatorTest
Math_102,ChiSquareTestImpl,TestUtilsTest|ChiSquareFactoryTest|ChiSquareTestTest
Math_103,NormalDistributionImpl,NormalDistributionTest
Math_106,ProperFractionFormat,FractionFormatTest
Mockito_5,VerificationOverTimeImpl,NoJUnitDependenciesTest
Mockito_7,GenericMetadataSupport,DeepStubFailingWhenGenricNestedAsRawTypeTest
Mockito_9,CallsRealMethods,CreatingMocksWithConstructorTest
Mockito_10,ReturnsDeepStubs,DeepStubsWronglyReportsSerializationProblemsTest
Mockito_13,MockHandler,VerifyingWithAnExtraCallToADifferentMockTest
Mockito_14,MockitoCore|MockHandler,VerifyingWithAnExtraCallToADifferentMockTest
Mockito_15,FinalMockCandidateFilter,InjectMocksShouldTryPropertySettersFirstBeforeFieldAccessTest
Mockito_16,MockitoCore|Mockito,StubbingMocksThatAreConfiguredToReturnMocksTest
Mockito_17,MockSettingsImpl|MockUtil,MocksSerializationTest
Mockito_19,MockCandidateFilter|TypeBasedCandidateFilter|NameBasedCandidateFilter|FinalMockCandidateFilter|PropertyAndSetterInjection,MockInjectionUsingSetterOrPropertyTest
Mockito_20,ByteBuddyMockMaker,CreatingMocksWithConstructorTest|SpyAnnotationTest
Mockito_23,ReturnsDeepStubs,DeepStubsSerializableTest
Mockito_25,ReturnsDeepStubs,ReturnsGenericDeepStubsTest
Mockito_27,MockUtil,ListenersLostOnResetMockTest
Mockito_28,DefaultInjectionEngine,InjectionByTypeShouldFirstLookForExactTypeThenAncestorTest
Mockito_29,Same,NPEWithCertainMatchersTest
Mockito_32,SpyAnnotationEngine,SpyShouldHaveNiceNameTest
Mockito_33,InvocationMatcher,InheritedGenericsPolimorphicCallTest
Time_6,GJChronology,TestGJDate
Time_10,BaseSingleFieldPeriod,TestDays|TestMonths
Time_13,PeriodFormatterBuilder,TestISOPeriodFormat
Time_14,BasicMonthOfYearDateTimeField,TestMonthDay_Basics
Time_22,BasePeriod,TestDuration_Basics|TestPeriod_Constructors
Time_24,DateTimeParserBucket,TestDateTimeFormatter
Cli_1,CommandLine,BugCLI13Test
Cli_2,PosixParser,BugCLI51Test
Cli_3,TypeHandler,PatternOptionBuilderTest
Cli_4,Parser,OptionsTest
Cli_9,Parser,ParseRequiredTest|OptionsTest
Cli_10,Parser,ParseRequiredTest
Cli_14,GroupImpl,BugCLI144Test
Cli_15,WriteableCommandLineImpl,BugCLI158Test
Cli_23,HelpFormatter,BugCLI162Test
Cli_24,HelpFormatter,BugCLI162Test
Cli_25,HelpFormatter,BugCLI162Test
Cli_27,OptionGroup,PosixParserTest|GnuParserTest|BasicParserTest
Cli_28,Parser,ValueTest
Cli_35,Options,BugCLI252Test
Cli_37,DefaultParser,BugCLI265Test
Cli_38,DefaultParser,BugCLI265Test
Cli_39,TypeHandler,PatternOptionBuilderTest
Collections_28,AbstractPatriciaTrie,PatriciaTrieTest
Compress_1,CpioArchiveOutputStream,CpioTestCase
Compress_2,ArArchiveInputStream,ArTestCase
Compress_3,TarArchiveOutputStream,ArchiveOutputStreamTest
Compress_4,TarArchiveOutputStream|ZipArchiveOutputStream|ChangeSetPerformer|CpioArchiveOutputStream,JarArchiveOutputStreamTest|UTF8ZipFilesTest
Compress_5,ZipArchiveInputStream,Maven221MultiVolumeTest
Compress_12,TarArchiveInputStream,TarTestCase
Compress_13,ZipArchiveEntry,ZipFileTest|ZipArchiveInputStreamTest
Compress_14,TarUtils,TarArchiveInputStreamTest
Compress_17,TarUtils,TarArchiveInputStreamTest
Compress_19,Zip64ExtendedInformationExtraField,ZipFileTest
Compress_22,BZip2CompressorInputStream,PythonTruncatedBzip2Test
Compress_23,Coders,SevenZFileTest
Compress_35,TarUtils,DetectArchiverTestCase
Compress_38,TarArchiveEntry,TarArchiveInputStreamTest
Compress_43,ZipArchiveOutputStream,DataDescriptorTest
Csv_1,ExtendedBufferedReader,CSVParserTest
Csv_5,CSVPrinter,CSVFormatTest
Csv_14,CSVFormat,CSVPrinterTest
Csv_15,CSVFormat,CSVPrinterTest
Gson_1,TypeInfoFactory,TypeVariableTest
Gson_3,ConstructorConstructor,MapTest
Gson_5,ISO8601Utils,DefaultDateTypeAdapterTest
Gson_6,JsonAdapterAnnotationTypeAdapterFactory,JsonAdapterNullSafeTest
Gson_10,ReflectiveTypeAdapterFactory,JsonAdapterAnnotationOnFieldsTest
Gson_11,TypeAdapters,PrimitiveTest
JacksonCore_1,TextBuffer|NumberInput,TestParserNonStandard
JacksonCore_2,UTF8StreamJsonParser|ReaderBasedJsonParser,TestParserErrorHandling
JacksonCore_3,UTF8StreamJsonParser,TestLocation
JacksonCore_7,JsonWriteContext,GeneratorFailTest
JacksonCore_9,ParserMinimalBase|UTF8StreamJsonParser|ReaderBasedJsonParser,TestJsonParser
JacksonCore_10,ByteQuadsCanonicalizer,TestSymbolTables|TestByteBasedSymbols
JacksonCore_11,ByteQuadsCanonicalizer,SymbolsViaParserTest
JacksonCore_12,UTF8StreamJsonParser|ReaderBasedJsonParser,LocationInObjectTest
JacksonCore_13,JsonGeneratorImpl,TestJsonGeneratorFeatures
JacksonCore_15,FilteringParserDelegate,BasicParserFilteringTest
JacksonCore_16,JsonParserSequence,ParserSequenceTest
JacksonCore_17,UTF8JsonGenerator,RawValueWithSurrogatesTest
JacksonCore_18,GeneratorBase|UTF8JsonGenerator|WriterBasedJsonGenerator,TestJsonGeneratorFeatures
JacksonCore_19,UTF8StreamJsonParser|ReaderBasedJsonParser,TestNumericValues
JacksonCore_20,JsonGenerator,Base64GenerationTest|TestGeneratorMisc
JacksonCore_21,FilteringParserDelegate,TokenVerifyingParserFiltering330Test
JacksonCore_22,FilteringParserDelegate,BasicParserFilteringTest
JacksonCore_24,ParserBase|ParserMinimalBase,NumberOverflowTest|AsyncNumberCoercionTest|NumberCoercionTest|NumberParsingTest
JacksonCore_25,ReaderBasedJsonParser,NonStandardUnquotedNamesTest
JacksonCore_26,NonBlockingJsonParser,AsyncLocationTest
JacksonDatabind_1,BeanPropertyWriter,TestPOJOAsArray
JacksonDatabind_2,TokenBuffer,TestConversions
JacksonDatabind_3,StringArrayDeserializer,TestArrayDeserialization
JacksonDatabind_4,StringArrayDeserializer,TestCollectionDeserialization
JacksonDatabind_5,AnnotatedClass,TestMixinMerging
JacksonDatabind_6,StdDateFormat,TestDateDeserialization
JacksonDatabind_7,TokenBuffer,TestCreatorsDelegating
JacksonDatabind_8,CreatorCollector,TestJdkTypes
JacksonDatabind_9,StdKeySerializer,TestMapSerialization
JacksonDatabind_10,BeanSerializerFactory|AnyGetterWriter,TestAnyGetter
JacksonDatabind_11,TypeFactory,TestJavaType|TestLocalType609
JacksonDatabind_12,MapDeserializer,TestCustomDeserializers
JacksonDatabind_13,ObjectIdValueProperty|DefaultDeserializationContext,TestObjectIdDeserialization
JacksonDatabind_14,ObjectReader,TestUpdateValue
JacksonDatabind_16,AnnotationMap,MixinsWithBundlesTest
JacksonDatabind_17,ObjectMapper,TestJsonNode
JacksonDatabind_18,MappingIterator,ReadRecoveryTest
JacksonDatabind_22,BasicSerializerFactory|BeanSerializerFactory,TestJsonValue
JacksonDatabind_23,NumberSerializers,TestJsonSerialize2
JacksonDatabind_24,BaseSettings,TestConfig
JacksonDatabind_25,DeserializerCache|BasicDeserializerFactory|TypeDeserializerBase|SimpleAbstractTypeResolver,TestArrayDeserialization
JacksonDatabind_27,BeanDeserializer,TestExternalId
JacksonDatabind_28,JsonNodeDeserializer,TestObjectNode
JacksonDatabind_29,ExternalTypeHandler,TestExternalId
JacksonDatabind_30,ObjectMapper|TokenBuffer,TestExternalId
JacksonDatabind_32,UntypedObjectDeserializer,TestUntypedDeserialization
JacksonDatabind_33,JacksonAnnotationIntrospector,TestUnwrapped
JacksonDatabind_34,NumberSerializer,NewSchemaTest
JacksonDatabind_35,AsWrapperTypeDeserializer,WrapperObjectWithObjectIdTest
JacksonDatabind_37,SimpleType,Objecid1083Test
JacksonDatabind_38,MapType|SimpleType|CollectionType,DeprecatedTypeHandling1102Test
JacksonDatabind_39,NullifyingDeserializer,TestPolymorphicWithDefaultImpl
JacksonDatabind_40,NumberDeserializers,TestSimpleTypes
JacksonDatabind_41,TypeFactory,DeprecatedTypeHandling1102Test
JacksonDatabind_42,FromStringDeserializer,TestJdkTypes
JacksonDatabind_43,ObjectIdValueProperty,TestObjectIdSerialization
JacksonDatabind_44,SimpleType,TestSubtypes
JacksonDatabind_45,DateTimeSerializerBase,DateSerializationTest
JacksonDatabind_46,ReferenceType,TestJavaType
JacksonDatabind_47,AnnotationIntrospector,TestJsonSerialize|TestJsonSerializeAs
JacksonDatabind_48,SerializationConfig|DeserializationConfig,TestFeatures
JacksonDatabind_49,WritableObjectId,AlwaysAsReferenceFirstTest
JacksonDatabind_50,BeanDeserializer,ObjectWithCreator1261Test
JacksonDatabind_51,TypeDeserializerBase,TestCustomTypeIdResolver
JacksonDatabind_54,PropertyBuilder,TestJDKAtomicTypes
JacksonDatabind_55,StdKeySerializers,TestEnumSerialization
JacksonDatabind_56,FromStringDeserializer,TestJdkTypes
JacksonDatabind_57,ObjectReader,ReadValuesTest
JacksonDatabind_58,BeanDeserializerFactory,AccessFixTest
JacksonDatabind_60,JsonValueSerializer,TestDefaultWithCreators|ExternalTypeIdTest
JacksonDatabind_61,ObjectMapper|StdTypeResolverBuilder,DefaultTypingWithPrimitivesTest
JacksonDatabind_62,CollectionDeserializer,ArrayDelegatorCreatorForCollectionTest
JacksonDatabind_63,JsonMappingException,TestExceptionHandlingWithDefaultDeserialization|ExceptionPathTest|TestExceptionHandlingWithJsonCreatorDeserialization
JacksonDatabind_64,PropertyBuilder,JsonIncludeTest
JacksonDatabind_65,BasicBeanDescription|StdKeyDeserializer,KeyDeser1429Test
JacksonDatabind_66,StdKeyDeserializer,TestCustomEnumKeyDeserializer
JacksonDatabind_67,BasicDeserializerFactory,TestCustomEnumKeyDeserializer
JacksonDatabind_68,BeanDeserializerBase,SingleValueAsArrayTest
JacksonDatabind_69,CreatorCollector,Creator1476Test
JacksonDatabind_70,BeanPropertyMap,TestUnwrapped
JacksonDatabind_71,StdKeyDeserializer,TestMapDeserialization
JacksonDatabind_72,InnerClassProperty,InnerClassCreatorTest
JacksonDatabind_73,POJOPropertiesCollector|POJOPropertyBuilder,ReadOrWriteOnlyTest
JacksonDatabind_74,AsPropertyTypeDeserializer,TestPolymorphicWithDefaultImpl
JacksonDatabind_75,EnumSerializer,EnumFormatShapeTest
JacksonDatabind_76,BuilderBasedDeserializer,BuilderWithUnwrappedTest
JacksonDatabind_77,BeanDeserializerFactory,IllegalTypesCheckTest
JacksonDatabind_78,BeanDeserializerFactory,IllegalTypesCheckTest
JacksonDatabind_79,ObjectIdInfo|JacksonAnnotationIntrospector|BeanSerializerBase,AlwaysAsReferenceFirstTest
JacksonDatabind_80,StdSubtypeResolver,TestTypeNames
JacksonDatabind_81,JacksonAnnotationIntrospector,TypeCoercion1592Test
JacksonDatabind_82,BeanDeserializerFactory,IgnorePropertyOnDeserTest
JacksonDatabind_83,FromStringDeserializer,ProblemHandlerTest
JacksonDatabind_84,ResolvedRecursiveType,TestTypeFactoryWithRecursiveTypes
JacksonDatabind_85,DateTimeSerializerBase,DateSerializationTest
JacksonDatabind_86,ResolvedRecursiveType,TestTypeFactoryWithRecursiveTypes|RecursiveTypeTest
JacksonDatabind_87,StdDateFormat,TestDateDeserialization
JacksonDatabind_88,ClassNameIdResolver,GenericTypeId1735Test
JacksonDatabind_90,ValueInstantiator|StdValueInstantiator,DelegatingArrayCreator1804Test
JacksonDatabind_91,DeserializerCache,MapDeserializerCachingTest
JacksonDatabind_93,SubTypeValidator,IllegalTypesCheckTest
JacksonDatabind_94,SubTypeValidator,IllegalTypesCheckTest
JacksonDatabind_96,BasicDeserializerFactory,CreatorWithNamingStrategyTest
JacksonDatabind_98,ExternalTypeHandler,ExternalTypeIdWithEnum1328Test
JacksonDatabind_99,ReferenceType,TestTypeFactory
JacksonDatabind_100,TreeTraversingParser,TestConversions
JacksonDatabind_101,BeanDeserializer,TestUnwrapped
JacksonDatabind_102,DateTimeSerializerBase,SqlDateSerializationTest
JacksonDatabind_104,StdDateFormat,DateSerializationTest
JacksonDatabind_105,JdkDeserializers,JDKScalarsTest
JacksonDatabind_107,TypeDeserializerBase,ProblemHandlerUnknownTypeId2221Test
JacksonDatabind_108,ObjectReader,EmptyContentAsTreeTest
JacksonDatabind_109,NumberSerializers|NumberSerializer,BigDecimalPlain2230Test
JacksonDatabind_110,JavaUtilCollectionsDeserializers,UtilCollectionsTypesTest
JacksonDatabind_111,ObjectIdReferenceProperty|FieldProperty|AtomicReferenceDeserializer|SetterlessProperty|CreatorProperty|MethodProperty|ObjectIdValueProperty,JDKAtomicTypesDeserTest
JacksonDatabind_112,StringCollectionDeserializer,DelegatingArrayCreator2324Test
JacksonXml_1,FromXmlParser,NestedUnwrappedListsTest|NestedUnwrappedLists180Test
JacksonXml_2,XmlTokenStream,XmlTextTest
JacksonXml_3,FromXmlParser,XmlParserNextXxxTest
JacksonXml_4,XmlSerializerProvider,RootNameTest
JacksonXml_5,XmlSerializerProvider,MapperCopyTest
JacksonXml_6,ToXmlGenerator,TestBinaryStreamToXMLSerialization
Jsoup_1,Document,ParserTest
Jsoup_8,Node,ElementTest
Jsoup_14,TokeniserState|Tokeniser,ParserTest
Jsoup_15,TreeBuilderState,ParserTest
Jsoup_19,Whitelist,CleanerTest
Jsoup_21,CombiningEvaluator|QueryParser,SelectorTest
Jsoup_24,TokeniserState,HtmlParserTest
Jsoup_33,HtmlTreeBuilder,HtmlParserTest
Jsoup_35,HtmlTreeBuilderState,HtmlParserTest
Jsoup_38,HtmlTreeBuilderState,HtmlParserTest
Jsoup_44,TreeBuilder,HtmlParserTest
Jsoup_45,HtmlTreeBuilder,HtmlParserTest
Jsoup_46,Entities,DocumentTest
Jsoup_49,Node,ElementTest
Jsoup_51,CharacterReader,HtmlParserTest
Jsoup_53,TokenQueue,SelectorTest
Jsoup_55,TokeniserState,AttributeParseTest
Jsoup_57,Attributes,ElementTest
Jsoup_59,Token,HtmlParserTest|CleanerTest
Jsoup_62,HtmlTreeBuilderState,HtmlParserTest
Jsoup_63,Tokeniser|HtmlTreeBuilder,HtmlParserTest
Jsoup_64,HtmlTreeBuilderState,HtmlParserTest
Jsoup_65,HtmlTreeBuilderState|HtmlTreeBuilder,HtmlParserTest
Jsoup_68,HtmlTreeBuilder,HtmlParserTest
Jsoup_74,StringUtil,ElementTest
Jsoup_75,Attributes,ElementTest
Jsoup_76,HtmlTreeBuilderState,HtmlParserTest
Jsoup_78,DataUtil,ConnectTest
Jsoup_79,LeafNode,TextNodeTest
Jsoup_82,DataUtil,HtmlParserTest
Jsoup_86,Comment,XmlTreeBuilderTest
Jsoup_91,UncheckedIOException|CharacterReader,ParseTest|ConnectTest